comment,raw_output
"After hitting on the first guess yesterday, this took considerable more effort 201 \*","CreativityPerception: 8
Reason: The comment shows admiration for the player's previous success and acknowledges the increased challenge in the current game, indicating a strong perception of creativity and strategy in their gameplay."
"Third day of doing this. On a streak of three, this is so much dang fun! 201","Creativity Perception: 8
Reason: The commenter's enthusiasm and dedication to playing Wordle for three days straight, coupled with their streak of three, shows a strong appreciation for the game's enjoyment and challenge."
Oh absolutely with you on that. My brain just did not work in the moment and couldn’t think of any words at all that had 5 letters. Total freeze.,"Creativity Perception: 2
Reason: The comment expresses a lack of creativity or strategy in the gameplay, focusing on a mental block instead."
May want to avoid words like your second one since you're repeating a letter 3 times. You would want to spread as far a net as possible before you start getting hits.,"CreativityPerception: 4
Reason: The comment offers a strategic tip for avoiding repeated letters, but lacks strong praise or excitement for the gameplay."
Big mood. 202,"CreativityPerception: 2
Reason: The comment doesn't directly address the gameplay or show admiration for any creative strategies used."
202 &gt;!spumy- yeah I was surprised that was a word too!&lt;,"Creativity Perception: 2
Reason: The comment acknowledges surprise at a word being valid, but lacks strong admiration or excitement for the gameplay."
Do you maximize entropy,"CreativityPerception: 5
Reason: Ambiguous engagement, hinting at potential strategy without clear praise."
"I’m curious to know what lead you to that first word as your guess. I use the same, but for a very specific reason, and I’d love to know if you reached the same conclusion the same way.","CreativityPerception: 8
Reason: The commenter shows a high level of admiration for the original poster's strategic thinking and is eager to compare their own approach, indicating a strong appreciation for the gameplay."
"I'm so happy someone else used . I had used &gt;!A, E and I!&lt; before so I looked for a word for like 5 minutes because I thoughts it wouldn't accept it until I finally tried, and it was a nice hint to the word. Also got it in 4 tries!","Creativity Perception: 8
Reason: The player's persistence in trying different combinations and their eventual success in finding the word demonstrates a high level of creativity and strategic thinking."
"Not as a stated goal, but probably as a consequence. I give each 5 letter word two scores; a frequency score (which rewards words that have more common letters) and a position score (which rewards words that have the most common letters at each individual position). I sum these two to get the total score for each words. Tares ranks the highest among all words under this scheme.","CreativityPerception: 9
Reason: The commenter's detailed scoring system based on frequency and position of common letters shows a high level of creativity and strategic thinking in their approach to Wordle."
Nice!,"CreativityPerception: 5
Reason: The comment shows mild admiration for the gameplay, but lacks specific praise or excitement."
"Tares fetches 6.19 bits of entropy. After that, lares is second best with 6.15.","Creativity Perception: 8
Reason: The commenter demonstrates a deep understanding of the game mechanics and strategically evaluates the best word choices based on entropy values."
"202 Day 4 of doing this, first 3! Proud of myself, especially after yesterday was 6.","Creativity Perception: 8
Reason: The commenter shows clear dedication and improvement in their gameplay, highlighting their progress and perseverance."
202 My worst Performance so far.,"CreativityPerception: 1
Reason: The comment focuses on performance rather than creativity or strategy."
good shit,"Creativity Perception: 2
Reason: The comment lacks specific praise or admiration for the gameplay shown."
My best run yet 202,"CreativityPerception: 2
Reason: The comment lacks specific details or praise for the gameplay, focusing solely on the score achieved."
"202 Probably wasted my time guessing a word that ends in &gt;!S!&lt;, but it was really helpful to rule it out of the last two positions.","CreativityPerception: 8
Reason: The player effectively used the information gained from the incorrect guess to narrow down the possible word options, showcasing strategic thinking and adaptability."
Today:,"Creativity Perception: 2
Reason: The comment lacks any mention of gameplay or strategy, providing no insight into the creativity of the Wordle play."
203 This almost got me as I was debating whether it was the answer or . I don't even know what my 2nd and 3rd guesses mean.,"Creativity Perception: 6
Reason: The player's indecision and analysis of their guesses show some level of strategic thinking and engagement with the game."
"Beginner's luck: 202 Explanation: &gt;!smack was honestly the first word I thought of. Knowing I need a different vowel, the first word my twitter brain thought of was ""simp"". The 'mp' stuck from there and slump was the first one to mind.!&lt;","Creativity Perception: 8
Reason: The player's thought process and word association leading to the final guess demonstrate a high level of creativity and strategic thinking."
"202 today was my first day playing, honestly thrilled to have found a new word game to sink my time into","CreativityPerception: 2
Reason: The comment expresses excitement about discovering a new game but does not specifically mention any creative or strategic gameplay."
anyone know the rule on plurals?,"CreativityPerception: 2
Reason: The comment shows a lack of understanding of the basic rules of the game, indicating minimal creativity or strategy."
I too have managed some words that I was just bullshitting letters and surprised it accepted them.,"Creativity Perception: 5
Reason: The comment acknowledges a level of surprise and luck in forming words, but doesn't express strong admiration for the gameplay strategy."
"Why play prank when you just played poker, and there was no P? Could have just gone straight to frank","Creativity Perception: 8
Reason: The commenter demonstrates a high level of creativity by suggesting an alternative word choice based on the gameplay and letter patterns observed."
203 kicking myself @ this one,"Creativity Perception: 2
Reason: The comment expresses frustration rather than admiration for the gameplay."
This is a good performance!,"CreativityPerception: 6
Reason: The comment acknowledges a good performance but lacks specific praise for creativity or strategy."
This is pretty mad!,"CreativityPerception: 8
Reason: The use of unconventional word choices and expressions shows a high level of creativity and excitement towards the gameplay."
Feelsbadman,"Creativity Perception: 2
Reason: The comment expresses disappointment rather than admiration for the gameplay."
203 Thanks Soulja Boy on that.,"Creativity Perception: 2
Reason: The comment is unrelated to the gameplay and does not show admiration for any creative strategies."
Oh hey nice to meet you here :),"Creativity Perception: 1
Reason: The comment is unrelated to the gameplay and does not show any creativity or strategy."
"Not OP, but personally for me, I momentarily forgot frank was a word other than a proper noun so I wasn't sure if the game would accept it. I'm thinking on scrabble rules when I'm not even sure that rule exists here.","CreativityPerception: 8
Reason: The player's momentary confusion and consideration of Scrabble rules show a thoughtful and strategic approach to the game."
"5 games played, 5 games won. This one made me nervous, glad I got it in the end.","Creativity Perception: 8
Reason: The player's ability to maintain a winning streak despite feeling nervous shows a strong strategic mindset and skill in Wordle."
"Sorry not sorry that you get to see my bullshit in two places now, oops.","Creativity Perception: 2
Reason: The comment is more focused on the player's mistake rather than showcasing creativity or strategy in the gameplay."
"203 X/6* First fail since I started playing, so damn close","Creativity Perception: 2
Reason: The comment acknowledges a near success but lacks specific praise for creativity or strategy."
"i was an idiot who just saw rk and rushed to guess prank, momentarily forgetting p was out","CreativityPerception: 2
Reason: The comment reflects a lack of strategy and a simple mistake in guessing the word."
"203 Got lucky with the first guess, pretty happy about this one.","Creativity Perception: 2
Reason: The comment focuses more on luck than on a deliberate creative strategy."
Happens to the best of us,"CreativityPerception: 2
Reason: The comment lacks praise or admiration for the gameplay shown."
Same here,"CreativityPerception: 2
Reason: The comment lacks creativity or strategy, simply agreeing with the previous statement without adding any new insight."
I did the same thing 203 arose track prank drank crank,"Creativity Perception: 3
Reason: The comment shows some effort in trying different word combinations, but it lacks a clear strategy or creativity in the approach."
I should have known from the c in track,"CreativityPerception: 2
Reason: The comment lacks admiration or excitement towards the gameplay and does not show appreciation for the strategic thinking involved in deciphering the word."
Only found this game today and I am already addicted. Does anyone know if the word can ever have repeat letters? 203,"CreativityPerception: 2
Reason: The comment shows interest in the game but does not demonstrate any creativity or strategy in gameplay."
[deleted],"Creativity Perception: 1
Reason: The comment does not provide any insight or feedback on the gameplay shown."
204 This one was a pain in the ass.,"Creativity Perception: 2
Reason: The comment does not express admiration or creativity towards the gameplay, just frustration."
It can from what I read.,"Creativity Perception: 2
Reason: The comment seems unrelated to the gameplay shown, lacking praise or clear engagement with the strategy displayed."
I don't know about proper nouns but the game will tell you it's not a word and that guess won't count. If you haven't found that out yet.,"Creativity Perception: 2
Reason: The comment provides a basic tip about the game mechanics but lacks praise or excitement towards the gameplay."
204 proud of this one my strategy is to always open with a word that follows the KVKEK where K is any consonant and V is any vowel. hasn’t done me wrong yet,"Creativity Perception: 8
Reason: The commenter demonstrates a thoughtful and effective strategy that shows a deep understanding of word patterns in Wordle."
Yes if you correctly guess double letters in the same word they will show yellow or green. Like it you guessed brook but the word was color the first O will be yellow and the 2nd O will be green.,"Creativity Perception: 5
Reason: The comment explains a basic strategy in Wordle, but doesn't showcase any particularly creative or advanced gameplay techniques."
204 Was surprised,"CreativityPerception: 2
Reason: The comment lacks detail or enthusiasm, showing minimal admiration for the gameplay."
No idea how to format on mobile!!!,"CreativityPerception: 1
Reason: The comment is unrelated to gameplay strategy or creativity."
204 I didn’t know my fourth word existed in English (not my native language),"CreativityPerception: 8
Reason: The player's discovery of a word they didn't know existed in English shows a high level of creativity and linguistic skill in their gameplay."
"204 &gt;!HOWDY, (I was convinced the word was gonna be Horde so I used the H and D) !&lt; Today I learned that &gt;!a letter can be present twice in the word, good to know for future wordles!!&lt;","Creativity Perception: 6
Reason: The player showed some creativity by using their knowledge of the word ""Horde"" to make strategic letter choices, but the overall gameplay was not particularly innovative."
"yeah i change it up, (BAKED, POLES, VIPER to name a few recently) but i always follow the 12121 pattern and make sure to have at least one E (most common letter)","Creativity Perception: 6
Reason: The player shows some creativity by changing up their word choices while still following a consistent pattern and considering letter frequency."
I looked it up and apparently it’s similar to purge but is derived from Jewish culture and deals with cleaning/preparing dead animals.,"Creativity Perception: 1
Reason: The comment is unrelated to the Wordle gameplay being discussed."
"204 &gt;!my first ever , I think I did pretty well since this seemed like a hard one. Basically gave up on and put in gorge because I thought it might be a word, and I really didn’t have much else to go off of. Lucky guess I’d say !&lt; Mobile formatting, hopefully the spoilers worked otherwise I’ll delete it","Creativity Perception: 6
Reason: The player showed some creativity by taking a chance with a word they weren't sure of, which paid off in this challenging game."
"Interesting starting word idea. I threw [my analysis](https://docs.google.com/spreadsheets/d/1FNAbHRY6DzKGe5GfFFWr4KeZgLUC5Ev678zM5bJRppg/edit) at it. COVEY, BONEY, SOWER, and SOBER are pretty solid picks.","Creativity Perception: 8
Reason: The commenter's use of a spreadsheet for analysis and suggesting multiple solid word choices demonstrates a high level of strategic thinking and creativity in their approach to the game."
Additional spaces between lines,"Creativity Perception: 2
Reason: The comment does not directly relate to gameplay strategy or creativity."
"I'm completely new at this game (first time today! woohoo!) and somehow I managed to do this &gt;!For the second one, I had no idea that was a word in English. I was just trying anything I could lmao. I'd say I got pretty lucky with the first guess being a big help. I had grated cheese on my mind after eating some earlier!!&lt;","Creativity Perception: 6
Reason: The player's use of trial and error, along with a lucky first guess, shows some creativity in their approach to the game."
you need to hit enter twice for a line break,"CreativityPerception: 2
Reason: The comment is providing technical advice on formatting, showing minimal engagement with the gameplay itself."
"Well, once you figured out that the word had to be of the form &gt;!?OR?E!&lt; you kept guessing words that fit that form. With that strategy, I don't think you could have done much better (if not by dumb luck) - sometimes it just so happens that there are many different words that fit the clues you have. Perhaps sounds a little too formal/odd to be a typical solution, and &gt;!B!&lt; is a somewhat uncommon letter. If you want to keep playing this way, I recommend turning hard mode on for the bragging rights. Maybe you could have done better by deliberately guessing a word that you knew could not be the solution in order to gain more information at some point - e.g. for your second word deliberately guessing something without &gt;!O!&lt; and &gt;!E!&lt;, and &gt;!with a lot of consonants!&lt;.","Creativity Perception: 6
Reason: The comment acknowledges the strategic approach taken by the player and suggests alternative tactics for improvement, showing a moderate level of admiration for the gameplay."
Proud of this one after my performance yesterday tbh.,"CreativityPerception: 2
Reason: The comment focuses more on personal performance rather than showcasing creativity or strategy in the gameplay."
"204 Never feels good to be guessing words that only differ on a single letter, but what can you do. Also, no yellows!","Creativity Perception: 3
Reason: The comment acknowledges the challenge of guessing words with slight differences but doesn't express admiration for any specific creative strategy."
Thanks!,"Creativity Perception: 2
Reason: The comment lacks any mention of creativity or strategy, simply expressing gratitude."
"I had a really similar pattern, finding those three letters in the correct spots fairly early and then just having to guess other combinations. Finally got it on the last try but it was not easy! I think knowing which letters were more or less common in English would have helped, but honestly, not totally sure we could've done much better without stumbling on a fourth letter earlier on.","CreativityPerception: 6
Reason: The player demonstrates a thoughtful approach to the gameplay, acknowledging the importance of letter frequency in English while reflecting on their strategy."
I was thinking too but then I yolo’d ftw,"Creativity Perception: 2
Reason: The comment suggests a lack of strategic thinking and a reliance on luck rather than creativity in the gameplay."
204 Pretty happy with this one.,"Creativity Perception: 2
Reason: The comment lacks specific praise or excitement about the gameplay, indicating low admiration for the strategy used."
Please don’t use the real words in your posts — especially from that day’s,"CreativityPerception: 2
Reason: The comment is more of a reminder or request rather than expressing admiration for creativity in the gameplay."
"Whoops my bad, I'm new here, of course, makes sense! Roger that.","Creativity Perception: 2
Reason: The comment does not show any creativity or strategy, just a simple acknowledgment of being new to the game."
How about if I spoiler-tag them as I've edited it to be spoiler tags just now?,"Creativity Perception: 2
Reason: The comment is more focused on discussing spoiler tags rather than showcasing creativity or strategy in the Wordle gameplay."
204 This was insane,"CreativityPerception: 8
Reason: The commenter expresses strong admiration and excitement towards the gameplay, indicating a high level of creativity and strategy involved."
Once you know where a letter is try not to use in in subsequent guesses because you could use that space to find information on other letters. Only do it if you think you know the final word. Nice job for your first one though.,"Creativity Perception: 4
Reason: The comment provides a basic strategy tip but lacks strong admiration or excitement for the gameplay."
Once you know where a letter is try not to use in in subsequent guesses because you could use that space to find information on other letters. Only do it if you think you know the final word.,"Creativity Perception: 6
Reason: The comment provides a strategic approach to optimize letter usage in Wordle gameplay, showing some level of creativity in gameplay strategy."
205 This marks my 10th ! I'll change my starting word for the next 10.,"Creativity Perception: 8
Reason: The player's intention to change their starting word shows a strategic approach and adaptability to improve their gameplay."
Double line breaks if you want reddit to format it correctly.,"CreativityPerception: 2
Reason: The comment is providing technical advice on formatting, not related to gameplay creativity or strategy."
205 This made me so mad!,"CreativityPerception: 2
Reason: The comment expresses frustration rather than admiration for the gameplay strategy."
I like yr 3rd word play,"Creativity Perception: 6
Reason: The commenter acknowledges a specific word play, showing some appreciation for the strategic choice made."
Really got stuck on the last turn but it finally came to me! Definitely a tough one. 205,"Creativity Perception: 6
Reason: The player faced a challenge but managed to solve it, showing some strategic thinking and perseverance."
"I'm impressed you got there without getting the &gt;!U!&lt; somewhere first, because getting that helps you think of the &gt;!Q!&lt; possibility","CreativityPerception: 8
Reason: The commenter shows a deep understanding of the gameplay mechanics and strategy, highlighting a clever approach to solving the puzzle."
Sure! Though I don’t use Reddit much so I can’t offer you a decent opinion. It’s all good though — it is just a game 😊,"Creativity Perception: 2
Reason: The comment is more focused on personal habits and downplays the significance of the game, showing minimal engagement with the gameplay."
"205 X/6 &gt;!Suers (that's a word?)!&lt; So close. I don't know if it is a handicap or a hack that i am not a native speaker. Although I really hope someone will make something similar for German. &gt;!Once the word was revealed it was ""obvious"", but I also though Query would have an O in it because of the Q. At least I don't make that mistake again!&lt;","Creativity Perception: 5
Reason: The comment shows some engagement with the gameplay and a reflection on word choices, but lacks strong praise or excitement."
"205 &amp;#x200B; An incredibly fun one that I was super happy to get right at guess #4! &gt;!Once I had figured out where E and R needed to go, it was hard for me to figure out a word that would fit, until I looked at Q and U. I thought, ""maybe?"" So I went for it and boom, gg!&lt;","Creativity Perception: 8
Reason: The player's strategic thinking and risk-taking in making a bold move based on limited information show a high level of creativity and intuition in their gameplay."
Not bad. Try using words that don't repeat any letters. and are good opening words!,"Creativity Perception: 6
Reason: The suggestion to use words without repeating letters shows some strategic thinking, but the comment lacks strong praise for the gameplay."
"It is kinda embarrising how I don't think of some of the easiest words, despite hearing them on a weekly basis","Creativity Perception: 2
Reason: The comment reflects frustration rather than admiration for creativity or strategy in the gameplay."
205 On my fourth guess I just eliminated letters after struggling with thinking &gt;!quere quert!&lt; over and over. Probably should have gotten it at 4 but it is what it is,"Creativity Perception: 6
Reason: The player showed some creativity by eliminating letters strategically, but there was room for improvement in their approach."
This is uncannily similar to mine! Great minds think alike!,"CreativityPerception: 6
Reason: The comment acknowledges the similarity in gameplay, suggesting a shared creative approach."
"Ah, just clicked through yours and see that you went with in your second. That's what I *should* have played, and reflected on this after having played what I did. It seems your mind is a little 'greater' than mine :)","Creativity Perception: 6
Reason: The commenter acknowledges the creativity in the original poster's strategy and expresses admiration for their choice."
"If you’ve played the likes of Wordzee!, you’ll know right away. While that gets old fast, this game is a nice blend of strategy and guesswork. I like that you have only one shot as to keep you coming back for tomorrow! 205","CreativityPerception: 6
Reason: The comment acknowledges the strategic element of the game and appreciates the unique challenge of having only one guess per day, showing some admiration for the gameplay."
"&lt;-- Will admit this was a wild one and I threw letters at the wall hoping for something. Glad I got something. 7 day streak. I thought I'd be cool with getting to 7 and falling gracefully, but my sights are now set on a ten day streak. Getting cocky over here. Well as cocky as someone who consistently finishes this in 5 or 6 turns regularly can be.","Creativity Perception: 6
Reason: The player acknowledges a wild play but expresses determination and humor in their streak progress, showing some creativity in their approach."
Suers are people who sue :),"CreativityPerception: 2
Reason: The comment is a simple observation without demonstrating any creative or strategic gameplay."
"Oh. I read it as ""Sürs""","Creativity Perception: 2
Reason: The comment is unrelated to the gameplay and does not show any creativity or strategy."
I'm curious how you got the word after just that 4th attempt. I got confident figuring out the word by the time my guess got 3 green letters.,"Creativity Perception: 8
Reason: The commenter expresses genuine curiosity and admiration for the player's ability to guess the word after just the 4th attempt, indicating a high level of admiration for the gameplay."
Your 2nd word choice quite a masterstroke,"CreativityPerception: 9
Reason: The comment shows high admiration for the player's strategic word choice, using the term ""masterstroke"" to convey strong praise."
"Nice. I also guessed Every, and eventually got confident by my next attempt.","CreativityPerception: 6
Reason: The player showed some creativity by guessing ""Every"" and building confidence through subsequent attempts."
"My guesses were similar to yours. True, the second one was tricky. 205","Creativity Perception: 3
Reason: The comment acknowledges the difficulty of the second guess but lacks specific praise or excitement for the gameplay."
"205 Went with a starter word that I saw on this subreddit. After the second guess it took forever to get a third, it was the only word I could actually make.","Creativity Perception: 6
Reason: The player showed some creativity by using a suggested starter word from the subreddit, but the limited options for the third guess may have hindered further strategic thinking."
Nothing else makes sense next to U other than Q. And then slot 4 was the only other option for R it just made sense to me query was the word. It does help me that I’ll work through things in a notebook as well so I had QU_R_Y staring at me.,"Creativity Perception: 8
Reason: The player's methodical approach and use of a notebook to work through the word led to a clever deduction of the final answer."
You 2nd guess was quite clever!!,"CreativityPerception: 8
Reason: The comment shows a high level of admiration for the clever second guess made during the gameplay."
205 (do or die to confirm the last vowel) unlucky first guess,"CreativityPerception: 6
Reason: The player showed some strategic thinking by using the first guess to confirm a crucial vowel, but the overall tone suggests a bit of disappointment in the outcome."
Not bad for my first go I think... 205,"Creativity Perception: 5
Reason: The comment acknowledges a decent score for a first attempt, showing some awareness of strategy but lacking strong admiration."
Nicely done!,"CreativityPerception: 6
Reason: The comment shows mild admiration for the gameplay, acknowledging a decent performance without strong praise for creativity or strategy."
"Thanks! Once I reckoned it ended with RY, there weren't that many choices :)","Creativity Perception: 6
Reason: The player demonstrates a strategic approach by narrowing down the possibilities based on the ending letters, showing some level of creativity in their deduction process."
205 Had me stumped for the longest time after seeing what letters I was left with.,"Creativity Perception: 8
Reason: The player's struggle with finding a solution despite knowing the letters showcases the complexity and creativity required in their gameplay approach."
"205 Didn't expect to guess it right with the second attempt, lol","Creativity Perception: 2
Reason: The comment doesn't show much admiration for the gameplay, just surprise at guessing the word on the second attempt."
Was racking my brain for a solid 30 minutes after my second guess but managed to get there 205,"Creativity Perception: 8
Reason: The commenter's perseverance and success after a challenging 30 minutes show a high level of creativity and strategic thinking in their gameplay."
"While I've had a 6, I think this one racked my brain the most. 205 \*","Creativity Perception: 8
Reason: The commenter acknowledges the challenge and complexity of the gameplay, indicating a high level of admiration for the strategic thinking involved."
205 This was brutal. Didn't help that I forgot that I had *just* used a *&gt;!G!&lt;*.,"Creativity Perception: 6
Reason: The player's realization of a recent letter usage adds a layer of strategic thinking to their gameplay."
"205 &gt;! 3 for 3! Yesterdays was probably harder, but I’m getting better for sure. Glad I remembered “Q” was an option lol. just gotta remember to eliminate more letters instead of reusing old ones I already know !&lt;","Creativity Perception: 6
Reason: The player shows improvement and strategic thinking by actively eliminating letters and remembering new options, but the comment lacks strong praise or excitement."
"205 I was tempted to go with , but ultimately decided that since the words are chosen by a human, they would pick something more interesting. Also, first time here and I am mildly shocked that some people are using &gt;!Q!&lt; or &gt;!Y!&lt; in their starting words. I guess it paid off today though.","Creativity Perception: 6
Reason: The player showed some strategic thinking by considering the human element in word selection and acknowledging the use of unconventional starting words by others."
That's a really good performance and a good point about being a slightly boring word. I think &gt;!Y!&lt; is not as bad as &gt;!Q!&lt;. I think of it as &gt;!the sixth vowel!&lt; so I sometimes enjoy ruling it out early on. &gt;!Q!&lt; is &gt;!obviously pretty niche!&lt;.,"CreativityPerception: 8
Reason: The comment shows a high level of admiration for the strategic approach to the gameplay, appreciating the unique perspective on certain letters and their roles in the game."
"I know what you mean. I felt the same way about the previous one - 204 204 I was hoping to get it in the third try. Imagine my fear when I guessed three valid words and none of which fit in tries 3, 4, 5. Felt like a miracle when I got it in the last try.","Creativity Perception: 8
Reason: The commenter's detailed description of their thought process and the suspense they felt during the game shows a high level of engagement and creativity in their approach to solving the Wordle puzzle."
"205 First time I've had to use pencil and paper to ""brute force"" a solve. Pretty sure was the only possibility after my first two guesses but it took me a long time to see it.","Creativity Perception: 8
Reason: The player's use of pencil and paper to systematically work through the possibilities shows a high level of strategic thinking and determination."
"206 Played: 6 Win streak: 6 : Once : Twice : Thrice If I consider to be 1 point, as 2 points and so on, my total score would be **16 points**. What's yours?","Creativity Perception: 2
Reason: The comment focuses more on the scoring system and personal stats rather than showcasing creative gameplay strategies."
"Why guess all those letter twice (&gt;!A, I, T, E, S!&lt;) when you know they aren't there?","Creativity Perception: 2
Reason: The comment points out a common strategy mistake without expressing admiration for any creative gameplay."
It was very late and I did a bad job &lt;3,"Creativity Perception: 2
Reason: The comment acknowledges a lack of success without highlighting any creativity or strategy."
205 &amp;#x200B; Did not expect it,"CreativityPerception: 8
Reason: The surprise element and unexpected solution show a high level of creativity in the gameplay."
205 &gt;!Just getting into the game but I messed up with my 2nd guess !&lt;,"Creativity Perception: 2
Reason: The comment acknowledges a mistake but doesn't showcase any particular creativity or strategy in the gameplay."
"204 I really feel like I could have done better in this situation, but I just can't figure out how, any tips?",
206 Could so easily have been worlde in 2.,"CreativityPerception: 8
Reason: The commenter demonstrates a high level of admiration for the strategic move made in the game, acknowledging the near miss of achieving a win in just two turns."
"&gt;!You reversed the adage ""I drink to get drunk"" ([Sia](https://www.youtube.com/watch?v=UvXt_mJIGiA)\)!&lt;","Creativity Perception: 8
Reason: The comment cleverly references a popular song to highlight the reversal of the typical approach in the Wordle game, showing a high level of creativity and engagement with the gameplay."
Same way I felt,"Creativity Perception: 2
Reason: The comment lacks any specific praise or admiration for the gameplay shown."
"Nice, from zero to hero!","CreativityPerception: 8
Reason: The comment shows strong admiration for the player's impressive turnaround in the game, highlighting a creative and strategic play."
"After six games, mine is **19 points**. (1x0 + 2x0 + 3x3 + 4x1 + 5x2 + 6x0).","Creativity Perception: 7
Reason: The commenter's calculation and breakdown of their Wordle score show a thoughtful and strategic approach to the game."
206 A welcome word after yesterday. Thanks to those who suggest as a great first word to knock out almost all verbs.,"CreativityPerception: 8
Reason: The player strategically used the suggested first word to efficiently eliminate a large portion of possible answers, showcasing a clever approach to the game."
206 &gt;! SOARE!&lt;,"Creativity Perception: 8
Reason: The use of a wordplay hint (""SOARE"") adds a creative and clever twist to the gameplay, showcasing a high level of creativity."
"24 after 8 games. 3 times, 2 times, 3 times.","Creativity Perception: 2
Reason: The comment lacks praise or excitement about the gameplay, simply stating the scores without any indication of admiration for the strategy used."
"206 &gt;!CHUNK !&lt; &gt;!MUCH easier than query hahaha. Though with the R and I from the first row and the eliminated letters, I probably could've gotten it in 2.!&lt;","Creativity Perception: 8
Reason: The commenter demonstrates a high level of strategic thinking by reflecting on their gameplay and considering how they could have solved the puzzle more efficiently."
"Lucky guess, someone else would easily get it on their first try. 206","Creativity Perception: 2
Reason: The comment downplays the gameplay as a lucky guess, showing low admiration for the strategy involved."
"- 0 - 0 pt - 1 - 5 pt - 1 - 4 pt - 2 - 6 pt - 1 - 2 pt - 2 - 2 pt 19 points after 8 games, thanks to an X/6.","Creativity Perception: 6
Reason: The use of the X/6 strategy to achieve 19 points in 8 games shows a thoughtful and effective approach to the gameplay."
"206 &gt;!Well, using the word ""diner"" in every one of my first moves has seemed to pay off very nicely. Drinks to that!!&lt;","CreativityPerception: 8
Reason: The player's consistent use of the word ""diner"" in their initial moves shows a creative and effective strategy that has yielded positive results."
"Thanks, kind of proud of this performance","CreativityPerception: 6
Reason: The comment shows a moderate level of pride in their performance, indicating some level of creativity or strategy involved."
"2 &gt;!-I-S- seemed tricky. What are the options for S-? Nothing valid ending in SK I could think of was a real word. SE was already ruled out, so next most plausible is SY. But what works for -I-SY? ""PISSY"" isn't a word, apparently. So the logical next word is.... !&lt;","Creativity Perception: 8
Reason: The commenter demonstrates a high level of strategic thinking and problem-solving skills by analyzing various options and ruling out possibilities systematically."
"206 &gt;!third time playing, longest it's taken for me so far. i've started using ""rouse"" as my first word because people said it's beneficial lol. this could've easily ended a line earlier so im sad!&lt;","CreativityPerception: 6
Reason: The player shows some strategic thinking by incorporating advice from others into their gameplay, but there is room for improvement in optimizing their word choices."
Yay! &gt;!Another SHINE player!!&lt;,"Creativity Perception: 2
Reason: The comment shows excitement about a shared interest but does not directly relate to the gameplay creativity or strategy."
206 lucky first word this time!,"Creativity Perception: 2
Reason: The comment acknowledges luck rather than strategy or creativity in the gameplay."
I actually try to pick a different word everytime. I like hard modes :),"Creativity Perception: 6
Reason: The player's choice to intentionally pick a different word each time to challenge themselves shows a level of creativity and enjoyment in playing on hard mode."
Should’ve had it in 3! 206,"CreativityPerception: 2
Reason: The comment focuses more on the missed opportunity to solve in 3 moves rather than praising the gameplay creativity."
"After four days, I would have a grand total of 8 points. 😅 Not the greatest so far.","Creativity Perception: 2
Reason: The comment reflects a lack of success in the game without showcasing any particular creativity or strategy."
"206 God, I've been loving this opening pair of words.","CreativityPerception: 8
Reason: The commenter expresses strong admiration and excitement for the strategic choice of the opening pair of words, indicating a high level of creativity in their gameplay."
"is another good one, swaps out a less common vowel with a more common one, though.","Creativity Perception: 6
Reason: The comment acknowledges a strategic move of swapping out a less common vowel with a more common one, showing some level of creativity in the gameplay."
*vowels,"Creativity Perception: 5
Reason: The use of a specific strategy (focusing on vowels) shows some level of creativity, but it's a common tactic in Wordle."
"206 Currently on an 8 day streak, long may it continue. Happy with today, came together very quickly completed in under a minute.","Creativity Perception: 2
Reason: The comment focuses more on the streak and completion time rather than showcasing a creative or strategic approach to the gameplay."
Happy &gt;!CAKE!&lt; &gt;!DAY!&lt;!,"Creativity Perception: 2
Reason: The comment is unrelated to the gameplay and does not show any creativity or strategy."
"Or in 4, had you guessed .","CreativityPerception: 2
Reason: The comment lacks praise or excitement towards the gameplay, simply stating a possible outcome without showcasing admiration for the strategy involved."
206 My thought process was very much &gt;!where can these letters go since I knew it had to have an I and I just kind of played with rearranging them in my head until it clicked!!&lt;,"Creativity Perception: 8
Reason: The player's strategic approach of mentally rearranging the letters until finding the right combination shows a high level of creativity and problem-solving skills."
206 We have a similar solving profile!,"Creativity Perception: 5
Reason: The comment acknowledges a similarity in solving profiles, showing some engagement with the gameplay but not expressing strong admiration for creativity."
Haven't seen that before - two total blanks and then a jump to the full word; congrats,"Creativity Perception: 8
Reason: The comment shows a high level of admiration for the unique and unexpected gameplay strategy of going from two total blanks to guessing the full word correctly."
i um wow,"CreativityPerception: 2
Reason: The comment lacks specific praise or admiration for the gameplay, indicating low perception of creativity or strategy."
206 Kind of easy to figure out because I knew likely 1 vowel and last letter narrowed by the &gt;!n!&lt; and the answer is a common word Also first time in two for me! woohoo,"Creativity Perception: 6
Reason: The player demonstrates a moderate level of strategy by using the limited information provided to narrow down potential words and celebrate their success."
"🇮🇹 2 Love this! / Grazie! Inizialmente l'idea di provarlo in italiano mi faceva paura, ma penso di essermela cavata abbastanza bene oggi =) Inoltre penso che la struttura della lingua italiana faciliti un po' il gioco rispetto all'inglese.","CreativityPerception: 8
Reason: The commenter creatively tried playing Wordle in Italian and expressed their initial fear and eventual success, highlighting how the Italian language structure aids in the gameplay."
206 best finish so far!,"CreativityPerception: 5
Reason: The comment acknowledges a good performance but lacks specific praise for creativity or strategy."
"I really was considering guessing it! So yeah, it could have been 4.","CreativityPerception: 2
Reason: The comment shows a lack of creativity or strategy in considering guessing the word without providing any specific reasoning or thought process."
"206 &gt;!day 3, my fastest complete yet. Seems like an easy one, but still is nothing to scoff at!&lt;","Creativity Perception: 6
Reason: The comment acknowledges the speed of completion and hints at the challenge despite the seemingly easy puzzle."
"206 8 for 8 streak, let's goooooooooooo!","CreativityPerception: 6
Reason: The excitement and streak are acknowledged, but the comment lacks specific praise for the gameplay strategy."
"206 I'm new to this, but this is my third &lt;4 in a row. I've either got a good system, or I'm getting lucky.","Creativity Perception: 6
Reason: The player shows a mix of strategy and luck in achieving a streak of successful guesses, indicating some level of skill or system in their approach."
206 &gt;! crack!&lt;,"Creativity Perception: 8
Reason: The use of symbols to represent the correct and incorrect positions adds a creative and engaging element to the gameplay."
8 DAY STREAK FRIENDS RISE UP!,"CreativityPerception: 2
Reason: The comment shows excitement about a streak but lacks specific mention of creative gameplay or strategy."
"2 &gt;!Hippy (not a great guess due to repeated P tbh)!&lt; &gt;!Only letters left were I, Y, Q, S, J, Z, X, V, B so not a lot of options left for two letter combos between the I and the Y!&lt;","Creativity Perception: 6
Reason: The player demonstrates thoughtful consideration of the limited letter options and explains their reasoning behind the guess."
"206 first time doing this, pretty exciting","Creativity Perception: 2
Reason: The comment expresses excitement about playing for the first time but lacks specific praise for any creative or strategic gameplay."
206 Somehow almost made a poem in there..,"CreativityPerception: 8
Reason: The comment shows a high level of admiration for the creativity in incorporating a poetic element into the gameplay."
206 Decided to go with a pretty common first guess suggestion today,"Creativity Perception: 2
Reason: The comment acknowledges a lack of creativity in the gameplay by opting for a common first guess."
206 My new worst Performance.,"CreativityPerception: 2
Reason: The comment focuses on personal performance rather than showcasing creativity or strategy in the gameplay."
"Wow, I wouldn’t have thought to go with your #4 there","CreativityPerception: 8
Reason: The commenter expresses high admiration for the player's unconventional choice in the game, showing appreciation for the strategic decision-making."
"Overall, I'm happy with the progression. Could have done better with earlier vowels, but I was feeling risky.","Creativity Perception: 6
Reason: The player took a risk by prioritizing consonants over vowels, showing some strategic thinking and creativity in their approach."
"If I’m being honest, it’s because I somehow forgot was a word as I was going through the possibilities","Creativity Perception: 2
Reason: The comment reflects a lack of strategy or creativity, more of a forgetful moment during gameplay."
"206 6 for 6 lifetime, and my first 3!","CreativityPerception: 8
Reason: The player's use of the word ""lifetime"" suggests a long-term strategy and dedication to the game, adding depth to their accomplishment."
"2 Re: my first guess, I didn't know it was a word until I googled it today. It means &gt;!having two parts, double, twofold!&lt;.","Creativity Perception: 5
Reason: The comment shows some creativity in exploring the meaning of the word guessed, but it's more focused on the definition rather than the gameplay strategy."
I had the absolute weirdest guesses today 206 Having FOUR guesses with the same correct letters and absolutely zilch otherwise made me seriously question my sanity,"Creativity Perception: 3
Reason: The comment focuses more on the frustration of the gameplay rather than highlighting any creative strategies or approaches."
206 My first one I've done and I impressed myself,"CreativityPerception: 8
Reason: The player's excitement and self-praise indicate a strong sense of creativity and accomplishment in their first successful Wordle game."
Here's to 9 tomorrow.,"CreativityPerception: 2
Reason: The comment lacks specific praise or excitement about the gameplay, simply stating a future goal."
"207 Put a little thought into steps two and three, and it paid off!","Creativity Perception: 8
Reason: The player's thoughtful approach to steps two and three shows a strong strategic mindset, leading to a successful outcome."
Nice recovery!,"CreativityPerception: 6
Reason: The comment acknowledges a strategic move that helped recover from a potential loss, showing some level of creativity in gameplay."
207 &gt;!Very difficult for British spelling !&lt;,"CreativityPerception: 2
Reason: The comment acknowledges the challenge of using British spelling in the game, but does not express admiration or excitement towards any specific creative play."
"207 &amp;#x200B; Sat there staring at my screen but got there eventually, &gt;!considering 2 words used are US spelling !&lt;","CreativityPerception: 5
Reason: The comment acknowledges the challenge of using US spelling words in the game, showing some level of strategic thinking."
"207 I might start playing hard mode, I think I like it more.","CreativityPerception: 5
Reason: The comment shows a willingness to challenge oneself by switching to hard mode, indicating some strategic thinking."
What made you start with ? Certainly paid off...,"CreativityPerception: 8
Reason: The commenter acknowledges the unconventional starting choice and implies it led to a successful outcome, showing admiration for the strategic decision."
"Did you see this retweet from Josh? https://twitter.com/WordleStats/status/1480585630644121600 Seems that surprisingly few play on 'hard mode'. I think this mainly speaks to people not clicking on menus but yeah, whether you turn it on or not, I think it's the more satisfying way in which to play because you follow a path through to the solution.","CreativityPerception: 8
Reason: The comment showcases a strong admiration for playing Wordle on 'hard mode' and emphasizes the satisfaction and strategic approach it brings to the gameplay."
207 &gt;!I expected people would be angry at this because it's the American spelling for it. But I so happen to be Australian who got this right in 4 so idk.!&lt;,"Creativity Perception: 6
Reason: The player's awareness of potential controversy and personal background adds a layer of interest to their successful play."
207 &gt;!Flipping American spelling!&lt; :),"Creativity Perception: 6
Reason: The use of a wordplay hinting at the change in spelling adds a clever twist to the gameplay."
"207 &gt;!Train (rushed guess, didn't move yellow R)!&lt; &gt;!Harpy (R had to be at the end at this point)!&lt; Was worried I was way too far from the word 4 guesses in there.","Creativity Perception: 8
Reason: The player's detailed explanation of their thought process and strategic considerations shows a high level of creativity and engagement with the game."
"That's interesting. I don't think they will know from that who plays hard mode, but rather deducing people getting greens and sticking in their place.","CreativityPerception: 6
Reason: The comment acknowledges an interesting strategy involving deducing player behavior based on their choices, showing some level of creativity in gameplay analysis."
"207 &gt;!RAISE !&lt; &gt;!POUTY !&lt; &gt;!CAROL !&lt; &gt;!It helps that I'm American, so I didn't have to wrack my brain for this word. And I understand that people are annoyed/confused by the American spelling in a game in a UK domain. But the arguments regarding how British English/spelling is the more widely spoken one aren't quite convincing. American English is growing in popularity among the youth, and many rather significant parts of the world (East Asia and Latin America, particularly) tend to use it over British English. !&lt; &gt;!But yes, the creator of the game should clarify somewhere in the rules the type of English used.!&lt;","Creativity Perception: 2
Reason: The comment focuses more on language differences and opinions rather than the gameplay itself."
207 X/6 &gt;!Really pleased with last word given it was a US word and I'm a Brit. Silly using S 3 times and also placing A in middle twice!&lt;,"Creativity Perception: 6
Reason: The player shows awareness of their word choices and the challenge of using a US word as a Brit, but the comment lacks strong praise or excitement for the gameplay."
I ended with and I am right as far as I am concerned.,"CreativityPerception: 2
Reason: The comment does not show any creativity or strategy in the gameplay."
Wow! That’s a fair chunk of the alphabet. Your fifth guess kinda close to being the only option available.,"Creativity Perception: 8
Reason: The comment shows a high level of admiration for the player's strategic use of letters and near-perfect guess on the fifth attempt."
206 I had the most ironic start word.,"Creativity Perception: 6
Reason: The comment hints at a unique or unexpected word choice, showing some level of creativity in the gameplay."
"I just stuck with the 2 vowel rule, and thought of a word with 2 common consonants, which are to me, &gt;!B!&lt; &amp; &gt;!R!&lt;.","Creativity Perception: 6
Reason: The player's use of the 2 vowel rule and focusing on common consonants shows some strategic thinking, but it's a fairly common approach in Wordle gameplay."
"Good thing we (in formerly British Hong Kong) would learn the spelling differences early in school. Wouldn’t it make more sense to use the US spelling to conform to the 5-grid, whereas with the UK it’d be a 6x6? The creator probably wasn’t expecting this surge in popularity, but he can always make an US/UK English option if you insist. 207","CreativityPerception: 6
Reason: The comment showcases a thoughtful consideration of the game's design and suggests a potential improvement for accommodating different English spellings."
207 &gt;!ARMOUR!&lt; Phew indeed!,"Creativity Perception: 8
Reason: The use of the word ""ARMOUR"" as a hint shows clever and creative thinking in solving the Wordle puzzle."
207 I'll add guesses once I figure out spoiler text. &gt;!test!&lt;,"CreativityPerception: 4
Reason: The use of spoiler text adds a slight element of creativity to the comment, but it's not particularly strategic in terms of gameplay."
"With no spaces or quotes ""&gt; ! ! &lt;"" Words go between the exclamation points.","Creativity Perception: 8
Reason: The comment demonstrates a clever and creative use of symbols to provide a hint for solving the Wordle puzzle."
"3 &gt;!Went with the tactically useful AUDIO that I've seen some suggesting as my first word this time. Nearly went with HUNCH as my second as it seemed poetic but also felt like I was wasting that 1st letter position by doubling up. Hesitated to play my third guess, as it felt a little too informal but couldn't see what else it could be. This was a fun one and yeah, AUDIO was certainly useful for ruling a lot out.!&lt;","Creativity Perception: 8
Reason: The player demonstrates thoughtful consideration and strategic decision-making in their word choices, showing a high level of creativity in their gameplay."
Thanks!,"Creativity Perception: 1
Reason: The comment lacks any indication of creativity or strategy, simply expressing gratitude."
"207 I got lucky. I tried a different starting word, so I think that helped. I'm still kind of new, though.","Creativity Perception: 6
Reason: The player's willingness to try a different starting word shows some level of creativity and strategic thinking, even though they attribute part of their success to luck."
207 So that happened. Can’t believe I didn’t think of the right word sooner but at least I got it!,"Creativity Perception: 6
Reason: The player acknowledges their delay in guessing the right word but still expresses satisfaction in eventually solving the puzzle."
"Who are you? We guessed 4 of the same words. Are you me? Mine were &gt;!AROSE, GATOR, LABOR, RAZOR, PAYOR, FAVOR!&lt;","Creativity Perception: 8
Reason: The commenter's selection of words shows a high level of creativity and strategic thinking, resulting in a successful outcome with multiple correct guesses."
"207 gigabrain first guess, my strategy of sticking to a XVXEX opener paid off big time here","Creativity Perception: 8
Reason: The commenter's specific strategy of sticking to a XVXEX opener and achieving a 207 first guess demonstrates a high level of creativity and strategic thinking in their gameplay."
Oh hey you/me! How did we even think of before ? The first word isn't even all that common!,"Creativity Perception: 8
Reason: The comment shows admiration for the unique strategy of starting with an uncommon word in Wordle."
207 This is the cleanest one that I've done so far.,"Creativity Perception: 6
Reason: The player's focus on achieving a clean solution suggests a strategic approach to the game."
I got stuck on the same letters as you. 207,"CreativityPerception: 2
Reason: The comment acknowledges a shared struggle but lacks praise or admiration for any creative gameplay."
"207 There are going to be lots of angry brits coming online soon! I feel like I was lucky on my 4th guess, which helped me see what might be happening.","Creativity Perception: 5
Reason: The comment acknowledges luck in the gameplay but also hints at some strategic thinking, though not explicitly praising the creativity."
207 X/6 😭 My winning streak is gone. I blame the &gt;!American spelling!&lt;,"Creativity Perception: 2
Reason: The comment focuses more on frustration and blaming external factors rather than showcasing creativity or strategy in the gameplay."
"We had almost identical guesses, except my first guess was","CreativityPerception: 2
Reason: The comment does not demonstrate any creativity or strategy in the gameplay."
[deleted],"Creativity Perception: 1
Reason: The comment provides no insight or feedback on the gameplay shown."
"I am Australian, and assumed it would be British English based on the .uk address. Never thought it could be ...","CreativityPerception: 2
Reason: The comment is unrelated to the gameplay and does not express admiration for any creative strategies."
207 Well crap :( third guess was cooler anyways,"CreativityPerception: 2
Reason: The comment acknowledges a creative guess but expresses disappointment, showing a lack of strong admiration for the gameplay."
I didnt even know hard mode exists. But learned that I play it like that anyway. It seems no fun at all otherwise...?,"CreativityPerception: 4
Reason: The comment shows some awareness of gameplay style but lacks clear admiration or excitement for the strategy."
"I'm similar - I have hard mode on because I played that way anyway, and I agree it is usually more fun! I think it is less fun when you get 'locked into' guessing words of a certain form e.g. ?I?ER. Then it's just down to luck. BIKER? DIVER? TIMER? TIGER? RIVER?","Creativity Perception: 6
Reason: The comment shows some strategic thinking by discussing the potential limitations of certain word patterns in the game."
I agree with you - I don't think it is a given that &gt;!British English spelling is more widely spoken!&lt;. &gt;!But obviously understand people's annoyance today!&lt;.,"CreativityPerception: 2
Reason: The comment does not show any creativity or strategy related to the Wordle gameplay being discussed."
Good first word!,"Creativity Perception: 2
Reason: The comment lacks specific praise or admiration for the gameplay strategy."
"Or he could just choose from the many, many words that are spelt (or should that be spelled ??) the same throughout the English speaking world","Creativity Perception: 2
Reason: The comment suggests a common and straightforward approach without showcasing any particularly creative or strategic thinking."
"9 day streak, 100% win rate so far. I admit I forgot that my middle letter was already out, but I don't think I would have figured it out if not, so I'll chalk my mistake up to a win.","CreativityPerception: 6
Reason: The player showed some creativity in adapting to their mistake and turning it into a successful play, but there was room for improvement in their awareness of the game mechanics."
"3 &gt;!BUMPH - don't know what this means I was just desperate!&lt; Ah shit. I was in a really good position after my third guess and should have got it in four, but just didn't come up with . I got impatient which is always a bad sign. is also a fun word I considered but wasn't in the site's word list.","Creativity Perception: 2
Reason: The player's comment indicates a lack of strategy and impatience in their gameplay, with a random guess and frustration expressed."
Fuck this one hurt. 207 I had damn near exhausted every *possible* combination of letters leading up to the solution. Spent maybe 15 minutes combing over &gt;!FJKXCVM!&lt; to see which letters could fill the gap.,"Creativity Perception: 8
Reason: The player's dedication to exhaustively analyzing and testing various letter combinations demonstrates a high level of strategic thinking and problem-solving skills."
It's for exactly that reason why I like the word .,"CreativityPerception: 2
Reason: The comment does not express admiration or excitement towards the gameplay shown."
This one was harder for me. 207,"CreativityPerception: 2
Reason: The comment lacks praise or excitement about the gameplay, simply stating the difficulty level and score."
"I haven't turned on hard mode, but I've apparently been playing that way voluntarily. I didn't know you couldn't. I'll turn it on tomorrow.","Creativity Perception: 2
Reason: The comment is more about a misunderstanding of the game's settings rather than showcasing creativity or strategy in gameplay."
207 7 for 7 lifetime. This was a tough one after a rough start.,"Creativity Perception: 6
Reason: The player showed resilience and strategic thinking by turning around a challenging game after a difficult beginning."
207 First time in three,"Creativity Perception: 8
Reason: The player's ability to guess the word ""WORD"" with only three attempts shows impressive strategic thinking and word association skills."
207 &gt;!Luckily not as affected by the American vs English spelling.!&lt;,"Creativity Perception: 2
Reason: The comment focuses on the spelling aspect rather than the gameplay strategy, showing minimal creativity or strategic insight."
"I'll admit I used all the comments on American versus English as a hint, but this one still stumped me. 207 &gt;!Heart (dumb guess I know)!&lt; &gt;!Payor (not even a word?)!&lt;","CreativityPerception: 2
Reason: The player admits to using hints but makes some questionable guesses, showing some effort but lacking in effective strategy."
"Yep, that makes it especially funny. Who spells it “payor”? Us apparently. 😄","Creativity Perception: 2
Reason: The comment focuses on a spelling error rather than the gameplay, showing low engagement with the Wordle strategy."
&gt;!DUMPY !&lt;(memeing) (actually trying) (attempting to figure out the placements) &gt;!FAVOR !&lt;(sitting wondering what the heck the consonants could be),"Creativity Perception: 8
Reason: The comment shows a mix of humor and genuine effort in trying to solve the Wordle, demonstrating creativity in their approach."
:( 207 X/6*,"Creativity Perception: 2
Reason: The comment seems to express frustration or disappointment rather than admiration for creativity or strategy."
207 Got really lucky with that for the &gt;!V!&lt;.,"Creativity Perception: 8
Reason: The use of the special character to hint at the correct letter shows clever thinking and strategy."
207 &gt;! Pretty easy one today as an American. Blink was a waste but I wanted to cut out some more consonants before I guessed !&lt;,"Creativity Perception: 6
Reason: The player demonstrated some strategic thinking by intentionally choosing a word to eliminate certain letters before making their final guess."
"&gt;!LOBBY is such an unusual starting word, but it really works well for today's answer!&lt;","Creativity Perception: 8
Reason: The commenter shows high admiration for the creative choice of using ""LOBBY"" as a starting word in the game, highlighting its effectiveness in solving the puzzle."
Good guesses,"CreativityPerception: 2
Reason: The comment acknowledges the player's guesses but lacks specific praise or excitement for the gameplay."
I assume it’s to see what other letters are in the word. It really narrowed things down by the other guesses!,"Creativity Perception: 6
Reason: The player's strategy of using previous guesses to narrow down the possible letters in the word shows some level of creativity and strategic thinking."
why did you guess spent? lol,"CreativityPerception: 2
Reason: The comment shows low admiration and questions the choice of the word ""spent"" without offering any praise or positive feedback."
"There we go, looking for some other poor bastard like me. 207 X/6 Manor, gator, labor, vapor… argh","Creativity Perception: 8
Reason: The commenter showcases a clever use of word patterns and deduction to narrow down potential solutions, demonstrating a high level of strategic thinking."
Why would you use another M word major after shot down by mayor?,"CreativityPerception: 2
Reason: The comment points out a missed opportunity for a more efficient word choice, but lacks admiration for the gameplay."
207 I have no idea how I lucked out with that first word choice.,"CreativityPerception: 3
Reason: The comment acknowledges luck rather than intentional strategy, indicating a lack of perceived creativity."
I had run out of words and was stuck on the last step for almost 10 minutes.,"Creativity Perception: 2
Reason: The comment does not express any creativity or strategy, just a struggle with the game."
"I'm surprised it accepted your 4th guess. I only know it as a name, not a word.","CreativityPerception: 2
Reason: The comment focuses more on surprise and lack of knowledge rather than praising or acknowledging any creative gameplay."
[deleted],"Creativity Perception: 1
Reason: The comment provides no insight or engagement with the gameplay shown."
Odd to use a starting word with a repeated letter indeed,"Creativity Perception: 3
Reason: The comment acknowledges an unconventional choice but does not express admiration or excitement towards the gameplay."
207 Took a suggestion someone posted yesterday to start with 'audio'.,"CreativityPerception: 8
Reason: The player creatively utilized a suggested starting word from a previous post, showcasing strategic thinking and adaptability."
"Out of curiosity, how would you go about that if hard mode is disabled?","CreativityPerception: 2
Reason: The comment is more focused on asking for advice rather than praising or acknowledging creativity in the gameplay."
I just posted this. Not sure if you made the suggestion. :) ------‐‐------------ Took a suggestion someone posted yesterday to start with 'audio'.,"Creativity Perception: 5
Reason: The player utilized a suggested starting word, showing some strategic thinking, but the comment is more focused on acknowledging the suggestion rather than expressing admiration for the play itself."
Nice growth chart 👌,"CreativityPerception: 2
Reason: The comment acknowledges the growth chart but does not specifically praise the gameplay strategy or creativity."
"Double spaces at the end of a line is formatted, on reddit, as a newline","CreativityPerception: 2
Reason: The comment is unrelated to the Wordle gameplay being discussed."
Seems like there's some survivorship bias in the solutions here,"CreativityPerception: 2
Reason: The comment focuses on survivorship bias rather than praising or critiquing the gameplay creativity."
208 got a headache from this one 👍,"CreativityPerception: 6
Reason: The use of a playful emoji adds a touch of humor and appreciation for the challenging gameplay."
"208 &amp;#x200B; Got there eventually, Not a great set of guesses today, I usually try to use previous correct letters in other guesses, but I wanted to remove some other letters. &gt;!DUELS AND MATED weren't great words to use since I don't think the word pool includes plurals or past tenses. !&lt;","Creativity Perception: 6
Reason: The player demonstrates some strategic thinking by considering the use of previous correct letters and reflecting on the word choices made, but there is room for improvement in word selection based on the game's mechanics."
"They weren't good guesses, but they were fine as clues to try and gather information. But yes, no suffixes, as far as I know.","CreativityPerception: 5
Reason: The comment acknowledges the attempt at using clues for information gathering, but also points out the limitation of not using suffixes."
Ohhh! Got it,"Creativity Perception: 2
Reason: The comment indicates understanding but lacks any mention of creativity or strategy."
"208 &gt;!If I stuck with my usual play of ""DINER"", then ""ABOUT"", I would've gotten a 3 play, stupid me!!&lt;","Creativity Perception: 6
Reason: The commenter shows awareness of their usual play pattern and regrets not trying a different approach, indicating some strategic thinking."
"Yeah I don't usually play like that, &gt;!if I did it again I would've used A and E in lines 2 and 3 to try and get the right spot.!&lt;","Creativity Perception: 6
Reason: The commenter shows some reflection on their gameplay and suggests a different strategy for improvement."
"You should turn on hardmode if you're already playing like it! Spoiler tags don't work if you leave a space between them and the text, by the way.","Creativity Perception: 2
Reason: The comment mainly focuses on a technical tip rather than praising or acknowledging any creative gameplay strategies."
"Interesting, I use new reddit and it was showing the spoiler tags working. Switched to old and saw it was broken, should be fixed now thanks.","CreativityPerception: 2
Reason: The comment is focused on a technical issue with Reddit formatting, lacking any mention of gameplay creativity or strategy."
Your three words could be telling a medieval tale (or sumptuary law),"Creativity Perception: 6
Reason: The comment suggests a creative and thematic approach to the word choices, adding an extra layer of engagement to the gameplay."
"208 &gt;!BEING !&lt; &gt;!HOARD !&lt; &gt;!MAYBE !&lt; &gt;!STUCK !&lt; &gt;!I was completely stumped after row 3 regarding the placement of the B, and it didn't occur to me that the B would be doubled. !&lt;","Creativity Perception: 8
Reason: The commenter shows a high level of admiration for the creative strategy used in the gameplay, expressing surprise and being stumped by the clever placement of the letters."
"Stroke of inspiration for the last chance coming back to it after a while, else I might not get this today... 208","Creativity Perception: 8
Reason: The comment shows a high level of admiration for the player's strategic thinking and determination in coming up with a clever solution for the last chance in the game."
&gt;!Arrow was a really good one as it led well to a green A O and R and from there the choices were very limited.!&lt;,"Creativity Perception: 8
Reason: The commenter demonstrates a high level of admiration for the strategic choice of starting with ""Arrow"" in the Wordle game, highlighting the limited choices that followed."
"Enter words with the sole purpose of confirming or eliminating the presence of certain letters. For example, “veldt” clears out four consonants.","Creativity Perception: 8
Reason: The comment showcases a clever strategy of using specific words to efficiently narrow down possible letter combinations in Wordle."
I got sooo lucky... this was my first game ever!,"CreativityPerception: 2
Reason: The comment focuses more on luck rather than creativity or strategy in the gameplay."
"This is quite similar to mine, I only had the first letter up until 5 and then got it in the right position in 5 as well as adding the 4th letter but in the wrong position. Took me ages to figure out the word, was staring at it wondering how the hell I was going to make a word with what I had remaining!","Creativity Perception: 6
Reason: The commenter shows some strategic thinking and perseverance in their gameplay, but the admiration is moderate due to the struggle expressed in figuring out the word."
Amber was my 4th word and I got stuck after that. Never knew the answer was a word,"Creativity Perception: 2
Reason: The comment lacks admiration or excitement towards the gameplay, focusing more on personal experience and realization."
208 That was hard. :'),"Creativity Perception: 2
Reason: The comment expresses difficulty rather than creativity or strategy."
[deleted],"Creativity Perception: 1
Reason: The comment is deleted, so there is no content to evaluate for creativity or strategy."
208 I need more practice for sure! And to think more strategically.,"CreativityPerception: 8
Reason: The commenter acknowledges the need for more practice and strategic thinking, showing a strong awareness of gameplay tactics."
"208 &gt;!BENZEL!&lt; &amp;#x200B; Looked up a master-list of 5 letter words and used Ctrl-F, feels like cheating but I didn't really understand what I was doing until my third try so gonna try to not do that next time lol","Creativity Perception: 3
Reason: The player used an external resource for word finding, which may be seen as less creative by some."
"208 &gt;! Even though I knew on line 2 the placement was correct, I wanted to try to knock out more letters…hence line 3’s guess. !&lt;","Creativity Perception: 8
Reason: The player's willingness to take a risk and explore different possibilities, even when they had the correct placement, shows a high level of creativity and strategic thinking in their gameplay."
Another strategy is to &gt;!not put the A in the same position on the second guess since you already know it can't be there!&lt;,"Creativity Perception: 6
Reason: The comment suggests a strategic approach by considering the elimination of certain letters based on previous guesses, showing some level of creativity in gameplay."
"208 &gt;!Tough one today. Took me forever to think of a word with an E in the fourth spot and an A somewhere else, until I finally gave up and reused a letter I’d already eliminated just to have a word there. And then it clicked right away 🙄 !&lt;","Creativity Perception: 8
Reason: The player's struggle and eventual breakthrough in finding a creative solution to the challenging Wordle puzzle demonstrate a high level of creativity and strategic thinking."
208 shoutout to dwarf fortress for making the word abbey a permanent fixture in my head,"CreativityPerception: 2
Reason: The comment is more of a shoutout to another game rather than expressing creativity or strategy in Wordle."
I did the same but why did you go for flick and duels after soare? Just for identifying the eliminations? Because you already got 2 letters from soare,"Creativity Perception: 4
Reason: The comment acknowledges the player's strategy but questions a specific move, showing some engagement with the gameplay."
Just tried a different approach by knocking out some consonants with some throwaway words. I usually play by making words which move the yellows around to see where they fit ( which I discovered is a mode for in the option ),"Creativity Perception: 6
Reason: The player's experimentation with a different approach and discovery of a new gameplay mode shows some level of creativity and strategic thinking."
208 I'll edit with my guesses when I figure out spoiler tags. I struggled today.,"CreativityPerception: 2
Reason: The comment lacks praise or excitement about the gameplay and focuses more on the struggle faced."
"208 &gt;! I start every day with ‘Maybe’ and today it paid off! My method is unorthodox, I know ‘Arise’ would be wrong but I try to find out positions of letters I haven’t used yet with words that come to mind first.!&lt;","Creativity Perception: 8
Reason: The player's unconventional approach of starting with ""Maybe"" and strategically identifying unused letters showcases a high level of creativity and strategic thinking in their gameplay."
And the E.,"CreativityPerception: 2
Reason: Minimal engagement with the gameplay, lacks creativity or strategy."
Nice alliteration!,"CreativityPerception: 2
Reason: The comment acknowledges a linguistic element in the gameplay but doesn't directly address the strategic choices made."
[deleted],"Creativity Perception: 1
Reason: The comment provides no insight or engagement with the gameplay shown."
"Talk about cheating, your 4th guess is 6 letters ;)","Creativity Perception: 2
Reason: The comment implies suspicion of cheating rather than admiration for creativity in gameplay."
"208 &gt;!I was stuck with ALLEY and ABBEY for my third guess, chance at that point ugh. Anyone else guess ALLEY before ABBEY?!&lt;","Creativity Perception: 2
Reason: The comment focuses more on frustration and guessing patterns rather than showcasing creativity or strategy in gameplay."
[deleted],"Creativity Perception: 1
Reason: The comment provides no insight or feedback on the gameplay shown."
208 Eliminating so many common letters early on was strange.,"CreativityPerception: 4
Reason: The comment acknowledges an unconventional strategy of eliminating common letters early on, but does not express strong admiration or excitement."
"208 Honestly not sure what I was thinking on the third guess, brain fart forgot a letter","Creativity Perception: 2
Reason: The comment acknowledges a mistake rather than showcasing creativity or strategy in the gameplay."
I have to ask: is your second guess even a word? Why wouldn't you guess a valid word for the second? (not judging - just curious),"Creativity Perception: 2
Reason: The comment focuses more on questioning the player's strategy rather than praising or acknowledging creativity."
"Even weirder to use a second guess word that uses a letter (the 4th letter) in the _same_ spot, that the first guess said was in the _wrong_ spot. ~~And that second guess is not even a valid word, afaik.~~ Not judging - it's all cool, I just found it odd. Edit: apparently that second guess is a valid word.","CreativityPerception: 8
Reason: The commenter shows a high level of admiration for the creative and unconventional strategy of using a second guess word with a letter in the same spot as the first guess, despite initial confusion about its validity."
208 Proud of this one 💪,"Creativity Perception: 8
Reason: The use of the number ""208"" shows a clever and strategic approach to guessing the word."
"208 Got lucky with the second guess. But I'm angry with myself because my first thought for the third guess was the correct answer, but I psyched myself out that it was too uncommon and chose a different word instead.","Creativity Perception: 6
Reason: The player showed some strategic thinking by considering the rarity of words, but ultimately second-guessed themselves."
"208 If my mom wasn't obsessed with &gt;!the show Downton Abbey!&lt; I never would have guessed this word, or even known it existed.","Creativity Perception: 8
Reason: The player's ability to connect their knowledge of a TV show to solve the Wordle word shows a creative and unique approach to the game."
"208 Not the greatest line of guesses, but we got there eventually.","CreativityPerception: 4
Reason: The comment acknowledges the less-than-optimal guesses but still appreciates the eventual success."
"Is it even possible to guess an invalid word? For me, it says this is not a valid word and I can’t use it","CreativityPerception: 2
Reason: The comment is focused on the basic mechanics of the game and does not show admiration for any creative strategies."
208 Phew. The double use of a green spot really threw me.,"CreativityPerception: 8
Reason: Acknowledges the challenge and creativity in utilizing a green spot twice in the gameplay."
"I was unaware is also a common noun. I've only heard that word in the past, because it's a female name.","Creativity Perception: 6
Reason: The comment shows some awareness of word patterns and associations, but lacks strong admiration for the gameplay."
"Huh, news to me. I've never tried it, tbh. But yeah looking that word up, it is in some dictionaries as a slang word. I've never heard it in my life. I learned something new today!","Creativity Perception: 2
Reason: The comment shows curiosity and a willingness to learn, but it doesn't directly relate to gameplay creativity or strategy."
I know it in this sense: &gt;!*Familiar term of address for a boy* cf. 2nd definition in [https://en.wiktionary.org/wiki/bubby#Noun](https://en.wiktionary.org/wiki/bubby#Noun)!&lt; And mostly because of an infamous Australian film I've never been brave enough to watch: https://www.imdb.com/title/tt0106341,"Creativity Perception: 6
Reason: The use of a familiar term of address for a boy and linking it to a specific film adds a layer of creativity to the gameplay."
"If I was perfectly rational, I'd do what BrowsOfSteel said. Realistically I'd get too excited and guess the first word that came to mind","CreativityPerception: 6
Reason: Acknowledges a strategic approach while also recognizing the challenge of controlling impulses, showing a mix of creativity and self-awareness in gameplay."
"FYI: spoiler tags don't work if there's a space between the exclamation-marks `!` and the letters/words you're trying to hide. It has to be: `&gt;!secret!&lt;` not `&gt;! secret !&lt;`, even for sentences. So we can see all of your spoilers above right now. :)","CreativityPerception: 3
Reason: The comment provides helpful information about spoiler tags but lacks direct praise or admiration for gameplay creativity."
208 Just yesterday switched to using instead of my second one but forgot today luckily,"Creativity Perception: 6
Reason: The player's adaptation in strategy by switching to a new approach shows some level of creativity and flexibility in their gameplay."
Absolutely stumped me after - sat there for about half an hour trying to decide on a word to fit the gaps...,"Creativity Perception: 8
Reason: The comment shows a high level of admiration for the gameplay, highlighting the challenge and time spent on strategizing for the right word choice."
It's a type of tree according to Google. I was running out of meaningful words to make tbh,"Creativity Perception: 2
Reason: The comment lacks admiration for the gameplay and suggests a struggle with finding meaningful words, indicating low creativity perception."
"It's a kind of tree, isn't it?","CreativityPerception: 2
Reason: The comment lacks praise or excitement towards the gameplay and does not demonstrate a strong perception of creativity or strategy."
4 After guess 5 it had to be guess 6 so wasn't really nervous about crashing out for the first time but a little too close for comfort :),"Creativity Perception: 2
Reason: The comment focuses more on the player's nerves and luck rather than showcasing a creative or strategic approach to the game."
208 (not very pleased about the repetition...) Took me all six attempts -- I started playing yesterday -- but I managed to figure it out in the end. I'm positively hooked!,"Creativity Perception: 6
Reason: The player's perseverance and eventual success show dedication and problem-solving skills, but the comment lacks specific praise for creativity or strategy."
"208 First time player, this 4 vowels word popped into my head and it was a lucky one.","Creativity Perception: 3
Reason: The comment acknowledges luck rather than intentional creativity in the gameplay."
"Wow, nice work, and I like your first word too","Creativity Perception: 6
Reason: The comment shows appreciation for the player's choice of the first word, indicating some level of admiration for their strategy."
Yep that's a fun word!,"Creativity Perception: 2
Reason: The comment shows minimal engagement with the gameplay and lacks any indication of strategic or creative thinking."
Nicely done! And love the story behind your first guess haha.,"CreativityPerception: 8
Reason: The commenter appreciates the gameplay and finds the story behind the first guess engaging, showing a strong perception of creativity and strategy."
